,date,natural_resources_mining_all_employees,natural_resources_mining_avg_monthly_pay,natural_resources_mining_aggr_value,construction_all_employees,construction_avg_monthly_pay,construction_aggr_value,manufacturing_all_employees,manufacturing_avg_monthly_pay,manufacturing_aggr_value,trade_transportation_utilities_all_employees,trade_transportation_utilities_avg_monthly_pay,trade_transportation_utilities_aggr_value,information_all_employees,information_avg_monthly_pay,information_aggr_value,financial_activities_all_employees,financial_activities_avg_monthly_pay,financial_activities_aggr_value,professional_business_services_all_employees,professional_business_services_avg_monthly_pay,professional_business_services_aggr_value,education_health_services_all_employees,education_health_services_avg_monthly_pay,education_health_services_aggr_value,leisure_hospitality_all_employees,leisure_hospitality_avg_monthly_pay,leisure_hospitality_aggr_value,other_services_all_employees,other_services_avg_monthly_pay,other_services_aggr_value,unclassified_all_employees,unclassified_avg_monthly_pay,unclassified_aggr_value,total_industries_aggr_value
0,2017-12,194,4068,789192,2625,4476,11749500,2407,4180,10061260,6401,2280,14594280,193.0,3220.0,621460.0,1662,4576,7605312,1897,3924,7443828,2392,2324,5559008,3592,1112,3994304,622,2576,1602272,8.0,1176.0,9408.0,64029824.0
1,2017-11,197,4068,801396,2580,4476,11548080,2525,4180,10554500,6383,2280,14553240,190.0,3220.0,611800.0,1747,4576,7994272,1879,3924,7373196,2409,2324,5598516,3648,1112,4056576,626,2576,1612576,8.0,1176.0,9408.0,64713560.0
2,2017-10,198,4068,805464,2548,4476,11404848,2540,4180,10617200,6238,2280,14222640,164.0,3220.0,528080.0,1702,4576,7788352,1896,3924,7439904,2403,2324,5584572,3632,1112,4038784,604,2576,1555904,7.0,1176.0,8232.0,63993980.0
3,2017-09,197,3764,741508,2460,4144,10194240,2586,4304,11130144,6214,2236,13894504,163.0,3032.0,494216.0,1643,4200,6900600,1852,3372,6244944,2366,2236,5290376,3672,1096,4024512,593,2604,1544172,7.0,1220.0,8540.0,60467756.0
4,2017-08,206,3764,775384,2495,4144,10339280,2570,4304,11061280,6197,2236,13856492,195.0,3032.0,591240.0,1600,4200,6720000,1863,3372,6282036,2418,2236,5406648,3635,1096,3983960,578,2604,1505112,7.0,1220.0,8540.0,60529972.0
5,2017-07,201,3764,756564,2523,4144,10455312,2601,4304,11194704,6172,2236,13800592,220.0,3032.0,667040.0,1620,4200,6804000,1857,3372,6261804,2382,2236,5326152,3624,1096,3971904,563,2604,1466052,6.0,1220.0,7320.0,60711444.0
6,2017-06,212,3292,697904,2498,4236,10581528,2656,4380,11633280,6323,2216,14011768,,,,1619,4100,6637900,1875,3348,6277500,2365,2292,5420580,3571,1096,3913816,566,2580,1460280,,,,
7,2017-05,208,3292,684736,2448,4236,10369728,2622,4380,11484360,6234,2216,13814544,,,,1678,4100,6879800,1935,3348,6478380,2372,2292,5436624,3628,1096,3976288,581,2580,1498980,,,,
8,2017-04,196,3292,645232,2430,4236,10293480,2618,4380,11466840,6209,2216,13759144,,,,1732,4100,7101200,1949,3348,6525252,2344,2292,5372448,3581,1096,3924776,554,2580,1429320,,,,
9,2017-03,187,3620,676940,2500,5136,12840000,2722,4556,12401432,6217,2364,14696988,,,,1861,4420,8225620,1851,3332,6167532,2267,2228,5050876,3552,1080,3836160,571,2524,1441204,,,,
10,2017-02,185,3620,669700,2485,5136,12762960,2765,4556,12597340,6128,2364,14486592,,,,1975,4420,8729500,1872,3332,6237504,2199,2228,4899372,3542,1080,3825360,565,2524,1426060,,,,
11,2017-01,190,3620,687800,2456,5136,12614016,2798,4556,12747688,5961,2364,14091804,,,,1960,4420,8663200,1906,3332,6350792,2059,2228,4587452,3425,1080,3699000,553,2524,1395772,,,,
12,2016-12,234,3600,842400,2311,5008,11573488,2569,4336,11139184,5720,2188,12515360,87.0,5932.0,516084.0,1863,4596,8562348,1775,3840,6816000,1966,2328,4576848,3472,1128,3916416,504,2816,1419264,7.0,1944.0,13608.0,61891000.0
13,2016-11,231,3600,831600,2457,5008,12304656,2513,4336,10896368,5533,2188,12106204,84.0,5932.0,498288.0,1923,4596,8838108,1814,3840,6965760,1924,2328,4479072,3324,1128,3749472,496,2816,1396736,7.0,1944.0,13608.0,62079872.0
14,2016-10,229,3600,824400,2606,5008,13050848,2515,4336,10905040,5204,2188,11386352,79.0,5932.0,468628.0,1904,4596,8750784,1862,3840,7150080,1892,2328,4404576,3159,1128,3563352,483,2816,1360128,7.0,1944.0,13608.0,61877796.0
15,2016-09,218,3452,752536,2650,4544,12041600,2484,4228,10502352,4967,2136,10609512,83.0,3600.0,298800.0,1853,4212,7804836,2281,3476,7928756,1895,2152,4078040,3020,1068,3225360,492,2568,1263456,7.0,1656.0,11592.0,58516840.0
16,2016-08,233,3452,804316,2476,4544,11250944,2400,4228,10147200,5732,2136,12243552,98.0,3600.0,352800.0,1895,4212,7981740,1754,3476,6096904,2322,2152,4996944,3570,1068,3812760,502,2568,1289136,7.0,1656.0,11592.0,58987888.0
17,2016-07,234,3452,807768,2466,4544,11205504,2383,4228,10075324,5781,2136,12348216,264.0,3600.0,950400.0,1937,4212,8158644,1811,3476,6295036,2327,2152,5007704,3888,1068,4152384,574,2568,1474032,7.0,1656.0,11592.0,60486604.0
18,2016-06,248,3392,841216,2411,3776,9103936,2392,3944,9434048,5799,2132,12363468,264.0,2160.0,570240.0,1762,4064,7160768,1826,3224,5887024,2291,2164,4957724,3991,1088,4342208,591,2328,1375848,8.0,1672.0,13376.0,56049856.0
19,2016-05,242,3392,820864,2336,3776,8820736,2474,3944,9757456,5796,2132,12357072,276.0,2160.0,596160.0,1800,4064,7315200,1742,3224,5616208,2407,2164,5208748,3999,1088,4350912,600,2328,1396800,8.0,1672.0,13376.0,56253532.0
20,2016-04,232,3392,786944,2242,3776,8465792,2516,3944,9923104,5763,2132,12286716,230.0,2160.0,496800.0,1678,4064,6819392,1864,3224,6009536,2405,2164,5204420,3968,1088,4317184,610,2328,1420080,8.0,1672.0,13376.0,55743344.0
21,2016-03,233,3148,733484,2358,4188,9875304,2506,3804,9532824,5797,2000,11594000,266.0,3284.0,873544.0,1561,3912,6106632,1825,3056,5577200,2320,2072,4807040,3855,1016,3916680,578,2328,1345584,9.0,1032.0,9288.0,54371580.0
22,2016-02,238,3148,749224,2410,4188,10093080,2525,3804,9605100,5741,2000,11482000,123.0,3284.0,403932.0,1501,3912,5871912,1789,3056,5467184,2336,2072,4840192,3623,1016,3680968,552,2328,1285056,9.0,1032.0,9288.0,53487936.0
23,2016-01,242,3148,761816,2245,4188,9402060,2497,3804,9498588,5752,2000,11504000,122.0,3284.0,400648.0,1435,3912,5613720,1784,3056,5451904,2356,2072,4881632,3556,1016,3612896,553,2328,1287384,10.0,1032.0,10320.0,52424968.0
24,2015-12,247,3524,870428,2194,5180,11364920,2520,4460,11239200,6005,2192,13162960,119.0,4608.0,548352.0,1451,4344,6303144,1683,4060,6832980,2403,2260,5430780,3694,1092,4033848,561,2548,1429428,10.0,1288.0,12880.0,61228920.0
25,2015-11,261,3524,919764,2332,5180,12079760,2516,4460,11221360,6142,2192,13463264,113.0,4608.0,520704.0,1314,4344,5708016,1581,4060,6418860,2387,2260,5394620,3592,1092,3922464,552,2548,1406496,10.0,1288.0,12880.0,61068188.0
26,2015-10,265,3524,933860,2384,5180,12349120,2524,4460,11257040,5943,2192,13027056,112.0,4608.0,516096.0,1280,4344,5560320,1590,4060,6455400,2388,2260,5396880,3427,1092,3742284,564,2548,1437072,10.0,1288.0,12880.0,60688008.0
27,2015-09,258,3308,853464,2443,5064,12371352,2490,4004,9969960,5926,2072,12278672,114.0,4272.0,487008.0,1244,3788,4712272,1555,3372,5243460,2323,2168,5036264,3443,1060,3649580,559,2352,1314768,14.0,1496.0,20944.0,55937744.0
28,2015-08,256,3308,846848,2421,5064,12259944,2491,4004,9973964,5807,2072,12032104,109.0,4272.0,465648.0,1324,3788,5015312,1572,3372,5300784,2316,2168,5021088,3456,1060,3663360,540,2352,1270080,13.0,1496.0,19448.0,55868580.0
29,2015-07,269,3308,889852,2542,5064,12872688,2503,4004,10022012,5764,2072,11943008,110.0,4272.0,469920.0,1175,3788,4450900,1591,3372,5364852,2268,2168,4917024,3410,1060,3614600,553,2352,1300656,14.0,1496.0,20944.0,55866456.0
30,2015-06,281,3048,856488,2328,4280,9963840,2498,3976,9932048,5889,2004,11801556,114.0,4092.0,466488.0,1137,3656,4156872,1592,3260,5189920,2233,2136,4769688,3468,1060,3676080,570,2188,1247160,13.0,1612.0,20956.0,52081096.0
31,2015-05,276,3048,841248,2174,4280,9304720,2495,3976,9920120,5862,2004,11747448,115.0,4092.0,470580.0,1146,3656,4189776,1573,3260,5127980,2277,2136,4863672,3457,1060,3664420,588,2188,1286544,11.0,1612.0,17732.0,51434240.0
32,2015-04,266,3048,810768,2121,4280,9077880,2487,3976,9888312,5859,2004,11741436,109.0,4092.0,446028.0,1098,3656,4014288,1580,3260,5150800,2227,2136,4756872,3384,1060,3587040,584,2188,1277792,10.0,1612.0,16120.0,50767336.0
33,2015-03,260,3108,808080,2150,4172,8969800,2470,3896,9623120,5917,1972,11668324,111.0,4056.0,450216.0,1121,3784,4241864,1578,3220,5081160,2237,2084,4661908,3363,996,3349548,571,2116,1208236,6.0,2116.0,12696.0,50074952.0
34,2015-02,253,3108,786324,2138,4172,8919736,2478,3896,9654288,5887,1972,11609164,108.0,4056.0,438048.0,1111,3784,4204024,1544,3220,4971680,2199,2084,4582716,3345,996,3331620,560,2116,1184960,6.0,2116.0,12696.0,49695256.0
35,2015-01,257,3108,798756,2027,4172,8456644,2448,3896,9537408,5825,1972,11486900,107.0,4056.0,433992.0,1080,3784,4086720,1553,3220,5000660,2211,2084,4607724,3330,996,3316680,559,2116,1182844,6.0,2116.0,12696.0,48921024.0
36,2014-12,258,4188,1080504,2312,5796,13400352,2455,4348,10674340,5773,2136,12331128,137.0,4396.0,602252.0,1266,4252,5383032,1494,3852,5754888,2179,2184,4758936,3287,1048,3444776,549,2416,1326384,8.0,1752.0,14016.0,58770608.0
37,2014-11,242,4188,1013496,2249,5796,13035204,2435,4348,10587380,5698,2136,12170928,134.0,4396.0,589064.0,1320,4252,5612640,1481,3852,5704812,2201,2184,4806984,3265,1048,3421720,549,2416,1326384,9.0,1752.0,15768.0,58284380.0
38,2014-10,244,4188,1021872,2734,5796,15846264,2460,4348,10696080,5349,2136,11425464,133.0,4396.0,584668.0,1476,4252,6275952,1493,3852,5751036,2201,2184,4806984,3225,1048,3379800,551,2416,1331216,5.0,1752.0,8760.0,61128096.0
39,2014-09,254,3644,925576,2322,4432,10291104,2399,3932,9432868,5252,2084,10945168,142.0,4008.0,569136.0,1513,3636,5501268,1494,3288,4912272,2162,2044,4419128,3277,1004,3290108,570,2228,1269960,9.0,1424.0,12816.0,51569404.0
40,2014-08,260,3644,947440,2299,4432,10189168,2365,3932,9299180,5219,2084,10876396,143.0,4008.0,573144.0,1290,3636,4690440,1513,3288,4974744,2176,2044,4447744,3331,1004,3344324,547,2228,1218716,8.0,1424.0,11392.0,50572688.0
41,2014-07,249,3644,907356,2032,4432,9005824,2360,3932,9279520,5134,2084,10699256,145.0,4008.0,581160.0,1221,3636,4439556,1527,3288,5020776,2098,2044,4288312,3307,1004,3320228,547,2228,1218716,12.0,1424.0,17088.0,48777792.0
42,2014-06,236,3412,805232,2035,3660,7448100,2362,3892,9192904,5188,2048,10625024,134.0,3908.0,523672.0,1150,3620,4163000,1467,3296,4835232,2094,2028,4246632,3320,1016,3373120,560,2228,1247680,11.0,1712.0,18832.0,46479428.0
43,2014-05,238,3412,812056,1977,3660,7235820,2340,3892,9107280,5176,2048,10600448,132.0,3908.0,515856.0,1011,3620,3659820,1491,3296,4914336,2175,2028,4410900,3220,1016,3271520,549,2228,1223172,10.0,1712.0,17120.0,45768328.0
44,2014-04,216,3412,736992,2021,3660,7396860,2293,3892,8924356,5152,2048,10551296,133.0,3908.0,519764.0,1007,3620,3645340,1522,3296,5016512,2122,2028,4303416,3136,1016,3186176,550,2228,1225400,10.0,1712.0,17120.0,45523232.0
45,2014-03,220,3188,701360,2027,4960,10053920,2260,3608,8154080,5200,2108,10961600,136.0,3972.0,540192.0,1037,3936,4081632,1470,3156,4639320,2064,2044,4218816,3063,972,2977236,534,2168,1157712,12.0,1680.0,20160.0,47506028.0
46,2014-02,219,3188,698172,2258,4960,11199680,2276,3608,8211808,5109,2108,10769772,137.0,3972.0,544164.0,1098,3936,4321728,1521,3156,4800276,2063,2044,4216772,3002,972,2917944,521,2168,1129528,13.0,1680.0,21840.0,48831684.0
47,2014-01,233,3188,742804,1988,4960,9860480,2266,3608,8175728,5070,2108,10687560,135.0,3972.0,536220.0,1163,3936,4577568,1507,3156,4756092,2057,2044,4204508,2977,972,2893644,522,2168,1131696,12.0,1680.0,20160.0,47586460.0
